model,accuracy,precision,recall,f1_score,roc_auc
DecisionTree,0.8011,0.5016447368421053,0.1531893520843797,0.2347056560215467,0.6890137062655342
KNN,0.79375,0.4206437291897891,0.0951783023606228,0.1552324390743395,0.6206020487122755
MLP,0.8003,0.4915730337078651,0.0878955298844801,0.1491265445249254,0.6983094389228993
RandomForest,0.80865,0.7100271002710027,0.065796082370668,0.1204320845782578,0.7343930208726132
LinearSVC,0.8003,0.44,0.011049723756906,0.0215580597746202,0.6626495939180426

Configuration Parameters
parameter,value
random_sampling_ratio,0.01
random_sampling_max_lines,
random_sampling_min_views_per_day,-1.0
preparation_sample_size,100000.0
success_percentile,80.0
test_size,0.2
random_state,42.0
