model,accuracy,precision,recall,f1_score,roc_auc
KNN,0.7276494967436353,0.5765575501583949,0.3580327868852459,0.441747572815534,0.7077413890457369
RandomForest,0.7596210775606868,0.7554076539101497,0.2977049180327868,0.4270931326434619,0.8011828086382613
MLP,0.7394908229721728,0.6332899869960988,0.3193442622950819,0.4245858761987794,0.7461095426312817
DecisionTree,0.7248865206236432,0.6034755134281201,0.2504918032786885,0.3540315106580167,0.7205095759550499
LinearSVC,0.7138346161436747,0.585812356979405,0.1678688524590164,0.2609582059123344,0.6980120520961576

Configuration Parameters
parameter,value
random_sampling_ratio,0.1
random_sampling_max_lines,
random_sampling_min_views_per_day,10000.0
preparation_sample_size,250000.0
success_percentile,70.0
test_size,0.2
random_state,42.0
