model,accuracy,precision,recall,f1_score,roc_auc
DecisionTree,0.7403132728771641,0.5901486988847584,0.436726272352132,0.5019762845849802,0.74429067830984
MLP,0.7440230832646332,0.6432432432432432,0.327372764786795,0.4339106654512306,0.74161949378751
KNN,0.7285655399835119,0.5786452353616532,0.3466299862448418,0.4335483870967742,0.7083376174835427
RandomForest,0.7598928276999175,0.7603603603603604,0.2902338376891334,0.4201095072175211,0.8020058728615345
LinearSVC,0.7149629018961253,0.5847255369928401,0.1685006877579092,0.2616123865456486,0.6981186036288034

Configuration Parameters
parameter,value
random_sampling_ratio,0.1
random_sampling_max_lines,
random_sampling_min_views_per_day,10000.0
preparation_sample_size,250000.0
success_percentile,70.0
test_size,0.2
random_state,42.0
