model,accuracy,precision,recall,f1_score,roc_auc
MLP,0.73535,0.6016801853997682,0.3464553794829024,0.4397163120567376,0.7136292263069397
RandomForest,0.7389,0.6710934041611333,0.2528773978315263,0.3673370487036588,0.733017393109038
DecisionTree,0.72275,0.6016260162601627,0.222185154295246,0.3245218662443659,0.6785181629699152
KNN,0.69455,0.4804526748971193,0.2336947456213511,0.3144428234766019,0.6377979983914954
LinearSVC,0.71525,0.59765625,0.1531276063386155,0.2437923250564334,0.6684041532885164

Configuration Parameters
parameter,value
random_sampling_ratio,0.01
random_sampling_max_lines,
random_sampling_min_views_per_day,-1.0
preparation_sample_size,100000.0
success_percentile,70.0
test_size,0.2
random_state,42.0
