model,accuracy,precision,recall,f1_score,roc_auc
KNN,0.7001640689089418,0.4942314849274283,0.2282963727007048,0.3123236124176858,0.632475847359717
MLP,0.716519688269073,0.5740740740740741,0.1918514698298092,0.2875918051797448,0.660455973382361
DecisionTree,0.7122641509433962,0.5556762629005975,0.1758638473439917,0.2671715852703055,0.6543079046949094
LinearSVC,0.7129819524200164,0.5883777239709443,0.1253223310985043,0.2066326530612245,0.6549655132022284
RandomForest,0.7172887612797375,0.6361185983827493,0.1217122227952552,0.2043290043290043,0.6815707492339697

Configuration Parameters
parameter,value
random_sampling_ratio,0.01
random_sampling_max_lines,
random_sampling_min_views_per_day,-1.0
preparation_sample_size,100000.0
success_percentile,70.0
test_size,0.2
random_state,42.0
