model,accuracy,precision,recall,f1_score,roc_auc
MLP,0.7990155865463495,0.4748201438848921,0.1021144920061887,0.1680814940577249,0.6622245180949986
KNN,0.7951702214930271,0.4318975552968568,0.095667870036101,0.1566392231370065,0.6147499700813372
DecisionTree,0.7979901558654635,0.4476351351351351,0.0683341928829293,0.1185682326621924,0.6415114053639195
RandomForest,0.8026558654634947,0.6933333333333334,0.0134089736977823,0.0263091323045788,0.6801722750600073
LinearSVC,0.8014253486464314,0.5454545454545454,0.0077359463641052,0.015255530129672,0.6535499871381105

Configuration Parameters
parameter,value
random_sampling_ratio,0.01
random_sampling_max_lines,
random_sampling_min_views_per_day,-1.0
preparation_sample_size,100000.0
success_percentile,80.0
test_size,0.2
random_state,42.0
