model,accuracy,precision,recall,f1_score,roc_auc
RandomForest,0.7989,0.27012278308321963,0.594,0.371366051891216,0.7857952222222223
LinearSVC,0.76415,0.22572178477690288,0.559,0.32158780382568675,0.7362552222222222
MLP,0.89665,0.4523470839260313,0.159,0.23529411764705882,0.7330414027777779
DecisionTree,0.9009,0.5184426229508197,0.1265,0.20337620578778134,0.730820875
KNN,0.8898,0.3530259365994236,0.1225,0.18188567186340016,0.5969901249999999
