model,accuracy,precision,recall,f1_score,roc_auc
RandomForest,0.7888296822577462,0.6633165829145728,0.6059016393442623,0.6333104866346813,0.8344976904777333
DecisionTree,0.6751529504637853,0.4737981810307492,0.7173770491803279,0.5706833594157538,0.7384526663642843
LinearSVC,0.6585750937438326,0.45225896599906845,0.6367213114754099,0.5288671023965141,0.6967037239310938
MLP,0.7169923031379515,0.5320197044334976,0.49573770491803276,0.5132382892057027,0.7207249770899095
KNN,0.7138346161436747,0.5325803649000869,0.4019672131147541,0.4581464872944694,0.6932324980792551
