model,accuracy,precision,recall,f1_score,roc_auc
RandomForest,0.6527723161620134,0.31237322515212984,0.6003898635477583,0.4109406270847232,0.6823034597989225
LinearSVC,0.6547384978372002,0.31166150670794635,0.5886939571150097,0.407557354925776,0.6738580166892326
MLP,0.7703499803381832,0.42398286937901497,0.38596491228070173,0.40408163265306124,0.701685247601763
DecisionTree,0.7888320880849391,0.4647058823529412,0.3079922027290448,0.3704572098475967,0.7000672178530618
KNN,0.7703499803381832,0.3865814696485623,0.23586744639376217,0.2929782082324455,0.6523703895754712
